2024-12-21 18:23:46,934
2024-12-21 18:25:18,934
2024-12-21 18:25:55,934
2024-12-21 18:26:16,934
2024-12-21 18:26:24,934
2024-12-21 18:26:54,934
2024-12-21 18:27:14,934
2024-12-21 18:27:17,934
2024-12-21 18:27:24,931
2024-12-21 18:28:33,932
2024-12-22 12:07:49,948
2024-12-22 12:08:04,948
2024-12-22 12:08:13,948
2024-12-22 12:20:48,951
2024-12-23 11:15:55,1005
2024-12-23 17:45:13,1047
2024-12-23 18:31:33,1050
2024-12-23 18:44:50,1051
2024-12-23 18:45:00,1051
2024-12-23 21:14:31,1064
2024-12-23 21:14:58,1064
2024-12-23 21:15:24,1064
2024-12-24 12:41:19,971
2024-12-24 12:41:21,971
2024-12-24 12:55:54,975
2024-12-24 13:00:17,976
2024-12-24 13:02:56,976
2024-12-24 13:09:56,974
2024-12-24 13:13:56,974
2024-12-24 15:21:38,979
2024-12-24 18:17:29,965
2024-12-24 20:36:07,966
2024-12-24 21:27:23,966
2024-12-24 21:45:28,966
2024-12-24 22:00:43,967
2024-12-24 22:07:55,967
2024-12-24 22:35:35,969
2024-12-24 22:56:32,968
2024-12-24 23:08:37,968
2024-12-25 03:12:03,990
2024-12-25 15:07:38,993
2024-12-25 15:47:15,994
2024-12-25 17:09:33,1000
2024-12-25 19:01:11,1002
2024-12-25 22:38:18,1009
2024-12-25 23:42:49,1010
2024-12-25 23:47:07,1010
2024-12-26 02:40:27,1015
2024-12-26 13:31:53,1025
2024-12-26 13:38:42,1025
2024-12-26 14:16:48,1018
2024-12-26 17:36:02,1031
2024-12-26 21:12:08,1036
2024-12-26 21:33:48,1037
2024-12-26 23:40:01,1040
2024-12-27 14:43:58,1046
2024-12-27 15:09:57,1045
2024-12-27 17:28:48,1047
2024-12-27 18:11:01,1050
2024-12-27 18:50:18,974
2024-12-27 20:57:37,949
2024-12-28 18:49:55,842
2024-12-28 21:04:11,836
2024-12-29 11:38:12,852
2024-12-30 16:52:13,804
2024-12-31 11:38:24,765
2024-12-31 22:29:56,773
2025-01-01 13:07:40,773
2025-01-01 23:38:59,792
2025-01-02 12:28:33,738
2025-01-03 00:59:40,762
2025-01-03 20:11:02,784
2025-01-04 00:56:49,783
2025-01-04 11:32:24,742
2025-01-04 16:28:36,561
2025-01-04 20:05:12,560
2025-01-05 11:34:43,542
2025-01-06 17:28:43,449
2025-01-07 10:36:06,467
2025-01-07 14:13:15,468
2025-01-08 11:41:05,475
2025-01-09 12:11:22,482
2025-01-10 11:30:09,483
2025-01-12 11:43:46,456
2025-01-14 16:53:31,465
2025-01-15 10:45:17,439
2025-01-16 18:15:53,434
2025-01-18 16:16:16,437
2025-01-20 16:32:17,446
2025-01-22 00:11:05,447
2025-01-22 13:01:45,375
2025-01-24 17:38:57,385
2025-01-24 20:25:17,388
2025-01-26 12:15:34,381
2025-01-26 15:44:56,399
2025-01-27 10:22:59,401
2025-01-27 14:17:54,428
2025-01-28 16:58:07,445
2025-01-29 12:12:46,449
2025-01-29 20:42:48,373
2025-01-30 09:15:01,376
2025-01-30 20:50:50,382
2025-01-31 16:25:32,383
2025-01-31 18:37:37,385
2025-01-31 23:30:34,390
2025-02-01 17:58:38,390
2025-02-02 11:04:23,400
2025-02-02 12:50:11,410
2025-02-02 14:01:37,414
2025-02-02 14:03:46,414
2025-02-02 14:42:05,414
2025-02-02 14:42:23,414
2025-02-02 14:43:48,414
2025-02-02 16:47:43,416
2025-02-03 17:45:10,418
2025-02-04 16:42:15,418
2025-02-07 08:17:40,443
2025-02-07 23:12:58,446
2025-02-08 19:46:52,447
2025-02-09 12:22:35,448
2025-02-09 16:06:17,445
2025-02-09 16:06:32,445
2025-02-09 16:07:54,444
2025-02-09 16:08:11,444
2025-02-09 16:10:00,444
2025-02-09 16:10:12,444
2025-02-09 16:10:59,444
2025-02-09 16:13:56,444
2025-02-09 16:15:06,444
2025-02-09 16:15:27,444
2025-02-09 16:16:17,444
2025-02-09 16:17:46,444
2025-02-09 16:33:53,443
2025-02-10 17:08:46,445
2025-02-10 23:20:59,446
2025-02-11 19:53:35,446
2025-02-13 20:13:29,448
2025-02-14 17:33:35,449
2025-02-16 20:14:27,449
2025-02-17 18:10:48,449
2025-02-19 10:55:56,468
2025-02-19 11:12:11,467
2025-02-19 12:22:08,471
2025-02-19 12:22:22,471
2025-02-19 12:22:28,471
2025-02-19 12:24:21,471
2025-02-19 12:28:56,471
2025-02-19 14:05:52,474
2025-02-19 14:06:39,474
2025-02-19 14:06:47,474
2025-02-20 09:31:18,485
2025-02-20 09:58:43,487
2025-02-20 10:00:25,487
2025-02-20 10:21:15,487
2025-02-20 20:11:12,489
2025-02-21 17:50:16,489
2025-02-22 16:53:40,499
2025-02-23 10:35:23,509
2025-02-24 16:55:34,514
2025-02-25 19:13:07,519
2025-02-26 10:40:05,533
2025-02-27 09:04:30,557
2025-02-27 21:42:10,576
2025-02-27 21:51:29,578
2025-02-27 22:19:26,580
2025-02-28 16:26:28,584
2025-03-01 18:04:26,581
2025-03-02 10:48:09,583
2025-03-02 20:18:48,589
2025-03-02 20:46:15,591
2025-03-02 20:47:51,590
2025-03-02 20:53:00,591
2025-03-03 09:41:47,599
2025-03-03 19:46:33,607
2025-03-04 16:25:08,609
2025-03-05 10:35:29,648
2025-03-06 09:57:06,650
2025-03-06 18:17:42,653
2025-03-07 08:13:40,659
2025-03-07 23:18:24,692
2025-03-07 23:19:34,692
2025-03-07 23:40:33,693
2025-03-09 10:41:27,690
2025-03-09 10:46:33,690
2025-03-09 10:48:55,692
2025-03-09 10:49:34,692
2025-03-10 21:08:50,536
2025-03-10 21:13:38,536
2025-03-11 16:43:25,537
2025-03-12 10:41:15,470
2025-03-12 15:37:50,474
2025-03-13 08:43:28,504
2025-03-13 19:36:11,521
2025-03-15 10:20:58,499
2025-03-15 21:17:17,505
2025-03-16 11:03:42,506
2025-03-17 17:03:35,502
2025-03-18 09:54:38,504
2025-03-18 20:21:32,504
2025-03-19 09:56:25,502
2025-03-20 09:49:16,514
2025-03-20 17:41:39,515
2025-03-21 09:13:31,514
2025-03-21 10:06:16,518
2025-03-21 10:07:43,518
2025-03-21 10:09:19,518
2025-03-21 19:27:03,522
2025-03-22 09:13:13,523
2025-03-22 17:29:47,522
2025-03-24 16:06:44,522
2025-03-25 09:52:23,542
2025-03-25 17:30:01,541
2025-03-26 10:36:46,532
2025-03-27 02:04:05,527
2025-03-27 09:12:29,526
2025-03-28 09:52:32,530
2025-03-29 09:50:25,533
2025-03-30 11:18:58,522
2025-03-31 09:00:51,523
2025-04-01 08:42:23,525
2025-04-01 19:54:53,526
2025-04-02 10:08:57,536
2025-04-03 08:44:19,541
2025-04-04 18:27:40,543
2025-04-05 15:06:13,546
2025-04-06 23:54:05,548
2025-04-07 10:36:32,548
2025-04-07 20:37:23,550
2025-04-08 09:49:36,545
2025-04-08 12:18:27,555
2025-04-08 20:30:43,559
2025-04-09 10:26:33,567
2025-04-10 10:10:14,600
2025-04-10 17:40:26,603
2025-04-11 02:00:29,618
2025-04-11 10:17:23,618
2025-04-11 18:28:36,618
2025-04-12 10:58:30,630
2025-04-12 16:09:58,630
2025-04-13 11:05:18,640
2025-04-14 01:42:54,652
2025-04-14 10:26:15,652
2025-04-15 10:21:24,663
2025-04-15 18:41:41,664
2025-04-16 17:02:59,671
2025-04-17 19:04:56,669
2025-04-18 10:55:39,664
2025-04-19 09:05:37,664
2025-04-20 10:09:22,664
2025-04-21 10:30:40,668
2025-04-23 17:45:14,673
2025-04-24 16:11:04,688
2025-04-25 17:41:37,682
2025-04-26 01:22:47,635
2025-04-26 16:28:29,636
2025-04-29 15:01:08,675
2025-04-29 15:02:04,675
2025-04-29 15:03:50,675
2025-04-29 15:04:40,675
2025-04-29 15:05:31,675
2025-04-29 15:07:50,675
2025-04-29 15:08:46,675
2025-04-29 15:09:46,675
2025-04-29 15:10:14,675
2025-04-29 15:11:03,675
2025-04-29 15:20:34,675
2025-04-29 15:21:02,675
2025-04-29 15:21:47,675
2025-04-29 15:24:32,675
2025-04-29 15:25:13,675
2025-04-29 15:26:05,675
2025-04-29 15:35:49,675
2025-04-29 15:36:37,675
2025-04-29 15:41:00,675
2025-04-29 15:47:23,675
2025-04-29 16:19:24,675
2025-04-29 16:20:19,675
2025-04-29 16:20:30,675
2025-04-29 16:23:22,675
2025-04-29 16:24:14,675
2025-04-29 16:26:02,675
2025-04-29 16:30:06,675
2025-04-29 16:31:10,675
2025-04-29 16:34:17,675
2025-04-29 16:35:52,675
2025-04-29 16:36:51,675
2025-04-29 16:46:03,676
2025-04-29 16:48:40,676
2025-04-29 16:49:45,676
2025-04-29 16:50:28,676
2025-04-29 16:53:31,676
2025-04-29 16:55:28,676
2025-04-29 16:56:54,676
2025-04-29 17:26:48,678
2025-04-29 23:28:49,608
2025-04-30 11:34:27,610
2025-05-01 09:07:05,636
2025-05-02 07:47:02,660
2025-05-04 16:40:37,676
2025-05-05 12:53:20,682
2025-05-06 08:45:08,650
2025-05-06 08:58:04,651
2025-05-07 06:06:50,653
2025-05-07 07:33:58,658
2025-05-09 07:52:50,705
2025-05-10 07:55:48,729
2025-05-10 21:21:32,729
2025-05-11 19:30:06,731
2025-05-12 11:10:57,728
2025-05-12 11:27:02,731
2025-05-12 11:37:24,731
2025-05-12 17:11:18,734
2025-05-13 09:09:51,747
2025-05-14 10:22:09,762
2025-05-14 13:52:46,762
2025-05-15 08:52:32,764
2025-05-15 16:16:04,811
2025-05-15 22:43:15,823
2025-05-16 08:05:28,824
2025-05-18 09:36:51,770
2025-05-19 10:50:22,722
2025-05-19 22:27:32,755
2025-05-28 17:45:18,867
2025-05-30 19:03:30,868
2025-06-01 10:53:10,748
2025-06-02 19:23:05,757
2025-06-03 10:58:31,764
2025-06-04 10:38:22,766
2025-06-05 11:03:37,764
2025-06-06 10:33:40,769
2025-06-07 13:15:18,689
2025-06-07 20:07:18,647
2025-06-09 09:26:38,617
2025-06-10 09:27:15,626
2025-06-11 09:45:35,644
2025-06-13 12:54:54,661
2025-06-14 17:43:20,659
2025-06-15 13:23:45,667
2025-06-16 09:47:21,672
2025-06-17 09:41:20,687
2025-06-18 16:27:30,693
2025-06-20 10:01:49,752
2025-06-22 21:46:22,748
2025-06-23 10:22:38,751
2025-06-24 01:33:18,770
2025-06-24 09:45:19,773
2025-06-25 10:27:48,777
2025-06-26 10:42:56,712
2025-06-27 12:22:28,688
2025-06-28 03:15:45,697
2025-06-28 11:22:27,697
2025-06-29 11:48:30,703
2025-06-30 10:33:25,723
2025-06-30 14:29:10,724
2025-06-30 18:19:06,733
2025-06-30 19:21:51,734
2025-07-01 10:55:34,737
2025-07-02 10:41:53,754
2025-07-03 08:35:51,741
2025-07-03 18:27:02,770
2025-07-04 11:29:16,773
2025-07-06 12:08:36,784
2025-07-07 13:55:20,789
2025-07-08 13:31:12,714
2025-07-10 10:17:28,747
2025-07-11 11:46:18,782
2025-07-11 18:33:17,792
2025-07-12 04:12:18,796
2025-07-12 11:59:00,798
2025-07-13 12:32:29,798
2025-07-13 13:28:57,804
2025-07-13 15:45:12,806
2025-07-13 22:49:59,806
2025-07-14 11:19:51,811
2025-07-15 10:36:50,817
2025-07-15 22:30:44,846
2025-07-16 16:23:53,847
2025-07-16 23:53:10,848
2025-07-17 10:33:29,847
2025-07-17 20:01:41,850
2025-07-18 10:12:35,855
2025-07-19 10:50:59,877
2025-07-19 18:15:20,881
2025-07-20 01:02:40,886
2025-07-20 16:55:14,886
2025-07-21 10:55:33,889
2025-07-21 17:17:52,890
2025-07-23 10:17:13,913
2025-07-23 15:20:54,933
2025-07-23 15:57:55,934
2025-07-23 16:23:51,934
2025-07-23 18:51:22,934
2025-07-24 19:04:22,935
2025-07-24 19:21:55,934
2025-07-25 18:05:33,954
2025-07-25 21:19:09,955
2025-07-26 17:19:10,955
2025-07-27 13:44:49,956
2025-07-28 11:10:06,963
2025-07-30 10:59:10,988
2025-07-31 13:49:41,995
2025-07-31 19:46:49,996
2025-08-01 12:29:09,993
2025-08-02 10:28:24,1007
2025-08-03 11:00:26,1021
2025-08-04 02:08:34,1041
2025-08-04 02:10:34,1041
2025-08-04 02:14:45,1043
2025-08-04 02:18:50,1043
2025-08-04 11:13:25,1044
2025-08-04 16:33:21,1049
2025-08-04 18:36:54,1050
2025-08-05 10:00:17,1075
2025-08-05 15:53:14,1073
2025-08-05 15:11:36,1075
2025-08-05 18:58:18,1075
2025-08-06 15:19:13,1084
2025-08-06 22:49:32,1100
2025-08-07 11:37:54,1101
2025-08-07 18:24:02,1105
2025-08-08 09:52:43,1056
2025-08-09 16:49:52,1076
2025-08-10 11:19:18,971
2025-08-10 11:44:46,742
2025-08-10 17:08:42,745
2025-08-10 19:06:37,743
2025-08-11 12:05:09,716
2025-08-11 21:06:11,722
2025-08-12 12:22:01,733
2025-08-12 13:18:21,734
2025-08-12 17:34:15,734
2025-08-12 18:27:12,734
2025-08-12 23:06:46,739
2025-08-12 21:40:21,739
2025-08-13 10:44:16,750
2025-08-13 15:13:42,755
2025-08-13 19:37:12,758
2025-08-14 16:54:17,762
2025-08-14 19:07:21,762
2025-08-14 23:04:19,763
2025-08-15 15:56:05,763
2025-08-15 22:13:24,696
2025-08-16 09:25:09,533
2025-08-16 09:43:20,534
2025-08-16 15:59:00,468
2025-08-17 09:13:01,474
2025-08-19 08:16:55,474
2025-08-19 09:08:32,474
2025-08-19 19:54:22,474
2025-08-20 09:01:25,478
2025-08-20 09:38:45,479
2025-08-20 17:51:19,466
2025-08-21 08:31:45,472
2025-08-21 19:03:47,476
2025-08-21 23:14:35,479
2025-08-22 09:43:26,479
2025-08-22 12:46:24,483
2025-08-22 13:26:05,485
2025-08-22 13:47:19,486
2025-08-25 08:50:58,486
2025-08-25 12:14:13,486
2025-08-25 13:12:59,486
2025-08-25 14:31:10,486
2025-08-27 14:45:33,486
2025-08-27 22:37:21,479
2025-08-28 10:33:58,479
2025-08-29 09:59:47,480
2025-08-29 17:33:52,465
2025-08-31 13:59:30,465
2025-08-31 20:32:30,465
2025-09-01 13:11:03,454
2025-09-01 13:12:35,454
2025-09-01 13:27:02,454
2025-09-01 13:29:07,454
2025-09-01 13:36:37,454
2025-09-01 13:40:46,456
2025-09-29 16:20:52,469
